               epoch,      train/box_loss,      train/obj_loss,      train/cls_loss,   metrics/precision,      metrics/recall,     metrics/mAP_0.5,metrics/mAP_0.5:0.95,        val/box_loss,        val/obj_loss,        val/cls_loss,               x/lr0,               x/lr1,               x/lr2
                   0,             0.12365,            0.016186,            0.045775,          0.00061173,             0.10417,          0.00073093,          0.00019674,             0.12036,            0.015091,            0.041205,               0.091,               0.001,               0.001
                   1,             0.11324,            0.016912,            0.043237,          0.00096161,              0.1875,           0.0011635,          0.00012723,             0.11139,            0.015881,            0.038943,            0.081093,           0.0020931,           0.0020931
                   2,             0.10431,            0.017909,            0.039532,           0.0011817,             0.22917,           0.0036238,          0.00041053,             0.10159,            0.016951,            0.035973,            0.071179,           0.0031789,           0.0031789
                   3,            0.094903,            0.018307,            0.035065,           0.0019247,             0.39583,            0.038442,            0.005043,            0.095064,             0.01759,            0.032018,            0.061257,           0.0042574,           0.0042574
                   4,            0.089592,            0.020731,            0.030248,            0.005649,             0.69048,            0.048477,            0.011901,            0.090201,            0.018208,             0.02733,            0.051329,           0.0053287,           0.0053287
                   5,            0.084034,            0.021594,            0.026868,           0.0074693,             0.81845,            0.034415,           0.0092218,             0.08261,            0.018879,            0.025764,            0.041393,           0.0063927,           0.0063927
                   6,            0.078538,            0.020278,             0.02241,           0.0067902,             0.86012,             0.11098,            0.027749,            0.082093,             0.01776,            0.024042,             0.03145,           0.0074495,           0.0074495
                   7,            0.077989,            0.020229,             0.01871,              0.3065,             0.12798,              0.2031,            0.046423,            0.082952,            0.016509,            0.018026,            0.021499,            0.008499,            0.008499
                   8,            0.075154,            0.019215,            0.014823,             0.29507,             0.11905,             0.15143,            0.043193,             0.07559,            0.016782,            0.017547,            0.011541,           0.0095413,           0.0095413
                   9,            0.073711,            0.018189,            0.013477,             0.34592,             0.22619,              0.1551,            0.047787,            0.073446,            0.016479,            0.015604,            0.009703,            0.009703,            0.009703
                  10,            0.071242,            0.019513,            0.010374,             0.31565,             0.40476,             0.17688,            0.054909,            0.084191,            0.014752,            0.012863,            0.009703,            0.009703,            0.009703
                  11,            0.071097,            0.016152,           0.0097966,             0.32919,             0.36607,             0.23714,             0.10732,            0.077705,            0.014814,            0.012843,             0.00967,             0.00967,             0.00967
                  12,             0.06396,            0.016666,           0.0096585,             0.18022,             0.33396,             0.21994,             0.11324,             0.07058,            0.015285,            0.012208,            0.009637,            0.009637,            0.009637
                  13,            0.064778,            0.018663,           0.0087057,             0.30192,             0.34887,             0.34732,              0.1042,            0.069159,            0.015127,            0.010112,            0.009604,            0.009604,            0.009604
                  14,            0.060489,            0.016663,           0.0075455,             0.59152,             0.28017,             0.38728,             0.12992,            0.074071,            0.014485,           0.0069956,            0.009571,            0.009571,            0.009571
                  15,             0.06291,            0.015039,           0.0065234,             0.41608,             0.39607,             0.35911,              0.1864,            0.069912,            0.013965,           0.0072817,            0.009538,            0.009538,            0.009538
                  16,            0.061061,             0.01599,           0.0062886,             0.39048,             0.48512,             0.43609,              0.1794,            0.075427,            0.012792,           0.0076378,            0.009505,            0.009505,            0.009505
                  17,            0.059637,            0.014951,           0.0060967,             0.42095,             0.48512,             0.45258,             0.21589,            0.064893,            0.014334,           0.0081755,            0.009472,            0.009472,            0.009472
                  18,            0.058803,            0.014261,           0.0057788,             0.47726,             0.46429,             0.45415,             0.24931,            0.062199,            0.014071,           0.0094069,            0.009439,            0.009439,            0.009439
                  19,            0.056703,            0.013592,           0.0048164,             0.38383,              0.5417,               0.476,             0.24406,            0.063431,            0.013505,           0.0086972,            0.009406,            0.009406,            0.009406
                  20,            0.055809,            0.014318,            0.005033,             0.37976,             0.59281,             0.47765,             0.26656,            0.063406,            0.013272,            0.008091,            0.009373,            0.009373,            0.009373
                  21,            0.053295,            0.013587,           0.0040052,             0.44763,             0.57807,             0.53736,             0.30735,            0.057071,            0.013335,            0.008321,             0.00934,             0.00934,             0.00934
                  22,            0.052876,             0.01245,           0.0045311,             0.48244,             0.46429,             0.49751,              0.2886,            0.058953,            0.013302,           0.0087104,            0.009307,            0.009307,            0.009307
                  23,            0.052756,            0.011767,           0.0046732,             0.72361,             0.46429,             0.54782,             0.32525,             0.05257,            0.014046,            0.007818,            0.009274,            0.009274,            0.009274
                  24,            0.048581,            0.013198,           0.0050886,             0.55639,             0.55955,             0.58264,             0.28207,            0.053875,            0.013527,           0.0078065,            0.009241,            0.009241,            0.009241
                  25,            0.050143,            0.011949,           0.0047361,             0.68716,             0.55055,             0.66217,             0.34983,             0.05147,            0.013391,           0.0069061,            0.009208,            0.009208,            0.009208
                  26,            0.047648,            0.012274,           0.0041128,             0.73684,             0.54217,             0.68537,             0.38416,             0.04816,            0.013752,           0.0059823,            0.009175,            0.009175,            0.009175
                  27,            0.046818,            0.011256,           0.0033761,             0.67168,             0.46461,              0.5735,             0.28138,            0.052282,            0.013597,           0.0058495,            0.009142,            0.009142,            0.009142
                  28,            0.052141,             0.01053,           0.0034222,             0.75732,             0.51193,             0.60572,             0.26488,            0.051744,            0.013984,            0.005935,            0.009109,            0.009109,            0.009109
                  29,            0.048681,             0.01123,           0.0038993,             0.54349,              0.5154,             0.53637,             0.30415,            0.052439,            0.013615,           0.0059571,            0.009076,            0.009076,            0.009076
                  30,            0.046806,            0.010874,           0.0035796,             0.58039,             0.56845,             0.62331,             0.34265,            0.048568,             0.01378,           0.0056819,            0.009043,            0.009043,            0.009043
                  31,            0.045286,            0.010313,           0.0035321,             0.64918,             0.56845,             0.66011,             0.37117,            0.046196,            0.013317,            0.005996,             0.00901,             0.00901,             0.00901
                  32,            0.046802,            0.011044,           0.0032017,             0.76587,             0.56845,             0.66353,             0.38655,            0.047148,            0.012982,           0.0067891,            0.008977,            0.008977,            0.008977
                  33,             0.04533,            0.010402,           0.0034658,             0.77002,             0.54814,             0.66247,             0.39201,             0.04563,            0.013389,           0.0075769,            0.008944,            0.008944,            0.008944
                  34,            0.043765,           0.0095316,           0.0033712,             0.65983,             0.56845,             0.60661,             0.32658,            0.047784,            0.013326,           0.0075526,            0.008911,            0.008911,            0.008911
                  35,             0.04349,           0.0099268,           0.0033191,             0.89288,              0.5311,             0.64655,             0.42672,            0.047034,            0.014138,           0.0088727,            0.008878,            0.008878,            0.008878
                  36,             0.04576,            0.010507,           0.0031951,             0.90435,             0.48752,             0.66659,             0.39965,            0.046902,             0.01431,           0.0086034,            0.008845,            0.008845,            0.008845
                  37,            0.043487,            0.010376,           0.0033795,             0.84236,             0.52168,              0.6699,             0.38687,            0.045613,             0.01423,           0.0087271,            0.008812,            0.008812,            0.008812
                  38,            0.042265,           0.0098376,           0.0030328,             0.86598,              0.5449,             0.61487,             0.39546,            0.044694,             0.01489,            0.010779,            0.008779,            0.008779,            0.008779
                  39,            0.043528,            0.010628,           0.0028077,             0.83796,             0.54762,             0.64532,             0.34439,            0.048641,            0.014802,           0.0093371,            0.008746,            0.008746,            0.008746
                  40,            0.042108,           0.0095972,           0.0028768,              0.8917,             0.54762,             0.68742,             0.40303,            0.044792,            0.014964,           0.0088015,            0.008713,            0.008713,            0.008713
                  41,            0.043347,           0.0098917,             0.00306,             0.88257,             0.54762,             0.66323,             0.42925,            0.045781,            0.015403,           0.0088918,             0.00868,             0.00868,             0.00868
                  42,            0.041556,             0.01025,           0.0028242,              0.7865,             0.54762,             0.64335,             0.40939,            0.044434,            0.014956,           0.0086723,            0.008647,            0.008647,            0.008647
                  43,            0.039884,           0.0095306,           0.0027996,             0.71954,             0.63621,             0.67989,             0.43457,            0.043966,            0.014356,           0.0080342,            0.008614,            0.008614,            0.008614
                  44,            0.041586,           0.0098178,            0.003136,             0.77762,             0.63566,             0.68095,             0.37787,            0.045208,            0.014792,           0.0078399,            0.008581,            0.008581,            0.008581
                  45,            0.043766,           0.0097684,           0.0027565,              0.8504,             0.63122,             0.68059,             0.43374,            0.046105,            0.014969,           0.0079756,            0.008548,            0.008548,            0.008548
                  46,            0.041672,            0.010723,           0.0025039,             0.90755,             0.70732,             0.73897,             0.41158,            0.050038,             0.01409,           0.0089228,            0.008515,            0.008515,            0.008515
                  47,            0.040398,           0.0088057,            0.002356,             0.80268,             0.63878,             0.69517,             0.47297,            0.045939,            0.014087,           0.0094576,            0.008482,            0.008482,            0.008482
                  48,            0.039355,           0.0096003,           0.0025059,             0.79696,             0.63423,             0.70651,              0.4134,            0.044158,            0.013761,           0.0094589,            0.008449,            0.008449,            0.008449
                  49,            0.039438,           0.0086125,           0.0029873,             0.75992,             0.66761,             0.71513,             0.43799,            0.044559,            0.013347,           0.0092337,            0.008416,            0.008416,            0.008416
                  50,            0.037091,           0.0091808,           0.0026807,             0.89265,             0.63451,             0.73368,             0.41057,            0.044302,             0.01311,            0.009224,            0.008383,            0.008383,            0.008383
                  51,             0.03971,           0.0087367,           0.0023182,             0.95545,             0.69599,             0.77567,             0.39386,            0.047938,             0.01257,           0.0091071,             0.00835,             0.00835,             0.00835
                  52,            0.041276,           0.0093649,           0.0021074,             0.90185,             0.70671,             0.81454,             0.41027,            0.048601,            0.012425,           0.0085688,            0.008317,            0.008317,            0.008317
                  53,              0.0394,           0.0082922,           0.0025815,             0.87151,             0.69794,              0.8552,             0.48599,             0.04535,             0.01264,           0.0076424,            0.008284,            0.008284,            0.008284
                  54,            0.038754,           0.0098583,           0.0031185,             0.83491,             0.82366,             0.89508,             0.53367,            0.038039,            0.013112,           0.0074466,            0.008251,            0.008251,            0.008251
                  55,            0.039121,           0.0087999,           0.0024161,             0.92071,             0.86142,             0.91258,             0.49929,            0.043192,            0.012497,           0.0070379,            0.008218,            0.008218,            0.008218
                  56,            0.039229,           0.0088081,           0.0026662,             0.87599,             0.84428,             0.88559,             0.51827,            0.042234,            0.012338,           0.0066775,            0.008185,            0.008185,            0.008185
                  57,            0.039941,           0.0089723,           0.0023611,             0.81635,             0.82334,             0.85721,              0.5414,            0.039574,            0.012925,           0.0060863,            0.008152,            0.008152,            0.008152
                  58,            0.037663,           0.0098835,           0.0025098,             0.91493,             0.84606,             0.90248,             0.48994,            0.040977,            0.011865,           0.0056486,            0.008119,            0.008119,            0.008119
                  59,            0.038337,           0.0093132,           0.0020177,             0.94035,             0.80938,             0.89407,             0.49522,            0.043524,            0.012476,           0.0054096,            0.008086,            0.008086,            0.008086
                  60,            0.036372,           0.0088522,            0.002041,             0.88216,             0.80584,             0.87297,             0.47957,            0.043972,            0.012648,           0.0054926,            0.008053,            0.008053,            0.008053
                  61,            0.037245,           0.0090872,           0.0022199,             0.71357,             0.81845,              0.8307,             0.49043,            0.039627,            0.012856,           0.0052512,             0.00802,             0.00802,             0.00802
                  62,            0.036497,           0.0086732,           0.0020388,             0.86248,             0.78926,             0.82993,             0.52369,             0.04098,            0.013872,           0.0055237,            0.007987,            0.007987,            0.007987
                  63,             0.03632,           0.0099931,           0.0021494,             0.78973,             0.80593,             0.81697,             0.52576,            0.042387,            0.014144,            0.005628,            0.007954,            0.007954,            0.007954
                  64,            0.035736,           0.0090175,           0.0024194,             0.76871,             0.70795,             0.75266,             0.49847,             0.04309,            0.014424,           0.0055756,            0.007921,            0.007921,            0.007921
                  65,            0.036361,           0.0082088,            0.002318,              0.8352,             0.62177,             0.73777,             0.49393,            0.040962,             0.01515,           0.0054122,            0.007888,            0.007888,            0.007888
                  66,            0.035723,           0.0081427,            0.002084,             0.95793,             0.71017,             0.82023,             0.45887,            0.040407,            0.015523,           0.0053221,            0.007855,            0.007855,            0.007855
                  67,            0.036708,           0.0087252,           0.0018285,             0.86514,             0.63095,             0.70832,             0.47702,            0.037943,            0.015047,           0.0050513,            0.007822,            0.007822,            0.007822
                  68,            0.035627,           0.0077391,            0.001767,             0.86231,             0.64097,             0.70501,             0.47267,             0.04017,            0.014875,            0.004928,            0.007789,            0.007789,            0.007789
                  69,            0.037867,           0.0079907,           0.0017235,               0.951,             0.73512,             0.81937,             0.46211,            0.039276,            0.014033,            0.004857,            0.007756,            0.007756,            0.007756
                  70,            0.035713,           0.0080764,           0.0019434,             0.90598,             0.76034,             0.84499,             0.47053,            0.040217,            0.013691,           0.0050462,            0.007723,            0.007723,            0.007723
                  71,            0.035528,           0.0087152,           0.0019271,             0.98709,             0.70741,             0.84527,             0.49954,            0.039227,            0.014059,           0.0056089,             0.00769,             0.00769,             0.00769
                  72,            0.036412,           0.0089799,           0.0018222,             0.89915,             0.76352,             0.84072,             0.53211,            0.039106,              0.0141,           0.0059294,            0.007657,            0.007657,            0.007657
                  73,            0.035494,           0.0084858,           0.0019969,             0.97601,             0.71253,             0.83095,             0.48302,            0.038599,            0.014277,           0.0061321,            0.007624,            0.007624,            0.007624
                  74,            0.035583,           0.0084446,           0.0021052,             0.95293,             0.72058,             0.81659,             0.49127,            0.037873,             0.01498,           0.0062882,            0.007591,            0.007591,            0.007591
                  75,            0.034793,            0.009198,            0.001982,             0.96999,             0.72616,             0.82244,             0.51185,            0.039359,             0.01397,           0.0061047,            0.007558,            0.007558,            0.007558
                  76,            0.033796,           0.0075793,           0.0017819,             0.97187,             0.73256,             0.80848,             0.51108,            0.038772,            0.013488,           0.0062105,            0.007525,            0.007525,            0.007525
                  77,            0.033918,            0.008959,           0.0017554,             0.93895,             0.73223,             0.80027,             0.48117,            0.040205,            0.013719,           0.0078126,            0.007492,            0.007492,            0.007492
                  78,            0.034921,           0.0095445,           0.0016142,              0.9537,             0.74859,             0.80918,             0.52512,            0.038446,            0.013511,           0.0069019,            0.007459,            0.007459,            0.007459
                  79,            0.033041,           0.0084468,           0.0018022,               0.906,             0.74586,             0.81095,             0.46218,            0.039321,            0.013668,           0.0068952,            0.007426,            0.007426,            0.007426
                  80,            0.033822,           0.0084263,           0.0017077,              0.9199,             0.74168,             0.81688,              0.4609,            0.039469,            0.014034,           0.0064589,            0.007393,            0.007393,            0.007393
                  81,             0.03391,           0.0084328,           0.0018842,             0.95826,             0.73322,             0.81015,             0.49152,            0.039584,            0.014331,           0.0061697,             0.00736,             0.00736,             0.00736
                  82,            0.030788,           0.0079841,           0.0018915,             0.94663,             0.72456,             0.83045,             0.51055,            0.038476,             0.01419,           0.0051677,            0.007327,            0.007327,            0.007327
                  83,            0.031811,           0.0083775,           0.0016321,             0.94623,             0.72717,             0.86568,             0.53241,            0.037468,            0.013422,            0.005773,            0.007294,            0.007294,            0.007294
                  84,            0.033294,           0.0078575,           0.0015633,             0.94307,             0.72789,             0.86862,             0.50296,            0.038583,            0.013667,           0.0058072,            0.007261,            0.007261,            0.007261
                  85,            0.032721,           0.0074581,           0.0014875,             0.91189,             0.70442,             0.85472,             0.52732,             0.03837,            0.013906,           0.0058696,            0.007228,            0.007228,            0.007228
                  86,            0.030991,           0.0076534,           0.0014267,             0.92301,             0.71857,             0.83998,             0.45957,            0.042588,            0.013575,           0.0058873,            0.007195,            0.007195,            0.007195
                  87,            0.033594,           0.0080055,           0.0015241,             0.90865,             0.70453,               0.833,             0.45629,            0.040824,            0.014196,           0.0059628,            0.007162,            0.007162,            0.007162
                  88,            0.032112,           0.0077856,           0.0016322,             0.93264,              0.7055,             0.81317,             0.50501,            0.040884,            0.014254,           0.0059584,            0.007129,            0.007129,            0.007129
                  89,            0.031948,           0.0079159,           0.0016658,             0.94226,             0.72154,             0.79997,             0.47719,            0.041949,            0.014895,           0.0058827,            0.007096,            0.007096,            0.007096
                  90,            0.031235,           0.0081767,            0.001756,             0.96163,             0.72254,              0.8027,             0.45596,            0.042889,            0.014229,           0.0058369,            0.007063,            0.007063,            0.007063
                  91,            0.032944,           0.0085327,           0.0020248,             0.87624,             0.69275,             0.79737,             0.46996,            0.041916,            0.014209,           0.0054992,             0.00703,             0.00703,             0.00703
                  92,            0.032673,           0.0071676,           0.0016781,              0.7875,             0.74902,             0.78899,             0.47671,            0.042466,            0.013769,           0.0053005,            0.006997,            0.006997,            0.006997
                  93,            0.033466,            0.007509,           0.0016367,             0.84702,             0.67349,             0.77198,             0.45655,            0.043722,             0.01397,           0.0052068,            0.006964,            0.006964,            0.006964
                  94,            0.031187,           0.0081446,           0.0016963,             0.90538,             0.72723,             0.81625,              0.4523,            0.044061,            0.014606,           0.0058425,            0.006931,            0.006931,            0.006931
                  95,             0.03255,           0.0081026,           0.0014322,              0.9371,             0.72091,             0.76908,             0.51465,            0.044045,            0.014505,           0.0061324,            0.006898,            0.006898,            0.006898
                  96,            0.032419,           0.0080598,            0.001684,             0.98232,             0.72487,             0.79108,             0.44171,            0.042554,            0.014771,           0.0064665,            0.006865,            0.006865,            0.006865
                  97,             0.03335,           0.0081584,           0.0015534,             0.95053,             0.70304,             0.75224,             0.45564,             0.04376,             0.01516,           0.0070693,            0.006832,            0.006832,            0.006832
                  98,            0.029954,           0.0071252,            0.001768,             0.94866,              0.7057,             0.75107,             0.47351,             0.04252,            0.015932,           0.0057422,            0.006799,            0.006799,            0.006799
                  99,            0.033134,           0.0079273,           0.0017993,              0.9603,             0.70823,             0.77965,             0.47113,              0.0421,            0.015274,           0.0054551,            0.006766,            0.006766,            0.006766
                 100,            0.031212,           0.0088542,           0.0014944,             0.94887,             0.70816,             0.76713,             0.42547,            0.044657,            0.014749,           0.0052691,            0.006733,            0.006733,            0.006733
                 101,            0.032582,           0.0082534,           0.0014906,             0.97125,             0.72162,             0.80833,             0.47397,             0.04116,            0.014885,           0.0055261,              0.0067,              0.0067,              0.0067
                 102,            0.028924,           0.0070305,           0.0013518,             0.95961,               0.721,             0.81541,             0.44922,            0.041502,             0.01505,           0.0055612,            0.006667,            0.006667,            0.006667
                 103,            0.031801,           0.0077346,           0.0014537,             0.93871,             0.70814,             0.80744,             0.49417,            0.041528,            0.014851,            0.006205,            0.006634,            0.006634,            0.006634
                 104,            0.029893,           0.0073834,           0.0014232,             0.94555,             0.70944,             0.81061,             0.49428,            0.041905,            0.014658,           0.0066208,            0.006601,            0.006601,            0.006601
                 105,            0.031372,           0.0079031,           0.0015499,             0.94895,             0.73362,             0.79932,              0.4834,            0.040778,             0.01454,           0.0069151,            0.006568,            0.006568,            0.006568
                 106,            0.031659,           0.0073027,            0.001396,             0.92067,             0.72334,             0.77237,             0.45492,            0.045978,             0.01416,           0.0076638,            0.006535,            0.006535,            0.006535
                 107,             0.03046,           0.0071835,            0.001567,             0.97202,             0.72473,             0.82391,             0.50906,            0.040844,            0.014299,           0.0071974,            0.006502,            0.006502,            0.006502
                 108,            0.030125,           0.0079684,           0.0015363,             0.94132,             0.78501,             0.88602,             0.54436,            0.038924,            0.014547,           0.0069295,            0.006469,            0.006469,            0.006469
                 109,            0.031893,           0.0080455,           0.0015958,             0.96337,             0.72201,             0.85346,             0.49979,            0.040516,             0.01462,           0.0070986,            0.006436,            0.006436,            0.006436
                 110,            0.030159,           0.0076675,           0.0015334,             0.96494,             0.71662,             0.81822,             0.46991,            0.040125,            0.014809,           0.0071741,            0.006403,            0.006403,            0.006403
                 111,            0.028686,           0.0074727,           0.0015559,             0.85085,             0.63882,             0.72357,             0.48981,            0.040308,            0.014963,           0.0071977,             0.00637,             0.00637,             0.00637
                 112,            0.028221,           0.0073795,           0.0017493,              0.8497,             0.63688,             0.72628,             0.48075,            0.041249,            0.014828,           0.0072395,            0.006337,            0.006337,            0.006337
                 113,            0.028747,           0.0068541,            0.001518,             0.94461,             0.71977,             0.78602,             0.47317,             0.04065,            0.015203,           0.0077153,            0.006304,            0.006304,            0.006304
                 114,            0.028591,              0.0074,           0.0015117,               0.839,             0.63881,              0.7227,              0.5085,            0.040699,            0.014997,           0.0080442,            0.006271,            0.006271,            0.006271
                 115,            0.030572,           0.0081625,           0.0013966,             0.94869,              0.7252,             0.78258,             0.51015,            0.041791,            0.014428,           0.0081011,            0.006238,            0.006238,            0.006238
                 116,            0.028329,           0.0071609,           0.0013874,             0.93537,             0.73598,             0.78768,             0.51847,            0.040237,            0.014487,           0.0083596,            0.006205,            0.006205,            0.006205
                 117,            0.029074,           0.0083721,           0.0012409,             0.84175,             0.76158,             0.77288,              0.4806,            0.041868,            0.014309,           0.0079944,            0.006172,            0.006172,            0.006172
                 118,            0.029249,           0.0073374,           0.0014141,              0.8415,             0.75965,             0.79457,             0.49861,            0.038478,            0.014605,           0.0076822,            0.006139,            0.006139,            0.006139
                 119,            0.028819,           0.0076587,           0.0012482,             0.93212,             0.71932,             0.81881,             0.49892,            0.040321,            0.014994,           0.0069717,            0.006106,            0.006106,            0.006106
                 120,            0.028152,           0.0075921,           0.0013993,             0.92514,             0.71973,             0.79423,             0.49939,            0.040447,            0.015742,           0.0072301,            0.006073,            0.006073,            0.006073
                 121,            0.028146,           0.0081896,           0.0014419,             0.93244,             0.72317,             0.78355,             0.47981,            0.040689,            0.016137,           0.0078078,             0.00604,             0.00604,             0.00604
                 122,            0.028189,           0.0076906,           0.0012671,             0.92478,             0.72323,             0.77413,              0.5024,            0.039607,            0.017076,           0.0083742,            0.006007,            0.006007,            0.006007
                 123,            0.027706,           0.0074852,           0.0011843,             0.83185,             0.64192,             0.67872,             0.46891,            0.040718,            0.017187,            0.008733,            0.005974,            0.005974,            0.005974
                 124,            0.027077,           0.0074343,           0.0011519,             0.94834,             0.72256,              0.7614,             0.50244,            0.039097,            0.017012,           0.0082981,            0.005941,            0.005941,            0.005941
                 125,            0.028056,           0.0078157,           0.0012307,             0.96712,             0.72169,              0.7579,             0.47873,            0.039421,            0.016988,           0.0079029,            0.005908,            0.005908,            0.005908
                 126,            0.027003,           0.0074805,           0.0011916,             0.96576,             0.72644,             0.76006,             0.50577,            0.039513,            0.016852,           0.0069505,            0.005875,            0.005875,            0.005875
                 127,            0.027521,           0.0075494,           0.0012125,             0.97023,             0.73687,             0.78685,             0.52603,            0.040606,            0.016181,           0.0063281,            0.005842,            0.005842,            0.005842
                 128,             0.02803,           0.0070892,           0.0013186,             0.97046,             0.73609,             0.79254,             0.48477,            0.041924,            0.015929,           0.0064505,            0.005809,            0.005809,            0.005809
                 129,            0.028008,           0.0077631,           0.0014327,             0.90675,             0.74985,             0.79496,             0.50121,            0.041049,             0.01577,            0.006849,            0.005776,            0.005776,            0.005776
                 130,            0.027319,           0.0072203,           0.0014063,             0.94273,             0.71556,               0.795,             0.51388,            0.039909,            0.015588,           0.0061572,            0.005743,            0.005743,            0.005743
                 131,            0.027886,           0.0074163,           0.0015253,             0.96265,             0.72411,             0.80051,             0.49917,            0.040075,            0.015696,           0.0058027,             0.00571,             0.00571,             0.00571
                 132,            0.027109,            0.007024,           0.0012659,             0.97465,             0.72164,             0.80165,             0.46848,            0.039943,            0.016275,            0.006545,            0.005677,            0.005677,            0.005677
                 133,            0.027443,           0.0071238,           0.0013278,             0.94667,             0.71429,              0.8024,             0.48112,            0.039897,            0.016177,           0.0075634,            0.005644,            0.005644,            0.005644
                 134,            0.027213,            0.007485,           0.0012361,             0.97304,             0.72218,             0.80758,             0.52926,            0.039063,            0.015985,           0.0077857,            0.005611,            0.005611,            0.005611
                 135,            0.025998,           0.0069979,           0.0011317,             0.97902,              0.7216,             0.80184,             0.45249,             0.04178,            0.015785,           0.0067938,            0.005578,            0.005578,            0.005578
                 136,            0.027801,            0.007064,           0.0010333,             0.97817,              0.7221,             0.79905,             0.44523,            0.042453,            0.015359,           0.0063734,            0.005545,            0.005545,            0.005545
                 137,            0.027895,           0.0069653,           0.0011189,             0.98228,             0.72166,             0.79749,             0.47911,            0.042958,            0.015168,           0.0053615,            0.005512,            0.005512,            0.005512
                 138,            0.026882,           0.0067473,           0.0010644,             0.98286,             0.72185,             0.78248,             0.46296,             0.04206,            0.015757,           0.0048873,            0.005479,            0.005479,            0.005479
                 139,            0.027026,           0.0078036,            0.001204,             0.86176,             0.64056,             0.70492,             0.46516,            0.040858,            0.015118,           0.0050889,            0.005446,            0.005446,            0.005446
                 140,            0.026243,           0.0069786,           0.0011573,             0.88675,             0.63437,             0.70561,             0.47004,            0.039596,            0.015224,           0.0052418,            0.005413,            0.005413,            0.005413
                 141,              0.0271,           0.0072159,           0.0011342,             0.97511,             0.72457,             0.76704,             0.48773,            0.040321,            0.015768,           0.0054132,             0.00538,             0.00538,             0.00538
                 142,            0.026289,           0.0070944,           0.0011692,             0.84119,             0.64104,             0.70267,             0.49721,            0.038304,            0.015656,           0.0052725,            0.005347,            0.005347,            0.005347
                 143,            0.025627,           0.0073205,           0.0012154,             0.83428,             0.64184,             0.71281,             0.47575,            0.040117,            0.015224,           0.0050269,            0.005314,            0.005314,            0.005314
                 144,             0.02618,           0.0071193,           0.0011527,             0.94292,             0.72366,             0.81658,             0.47775,            0.041421,            0.014386,           0.0049266,            0.005281,            0.005281,            0.005281
                 145,            0.026308,           0.0074855,           0.0011747,             0.95451,             0.72417,             0.82477,             0.47954,            0.040526,            0.014441,           0.0045677,            0.005248,            0.005248,            0.005248
                 146,            0.025488,           0.0074958,           0.0011412,             0.97187,             0.72354,             0.83527,             0.49776,            0.040138,            0.013858,           0.0040309,            0.005215,            0.005215,            0.005215
                 147,            0.024873,           0.0072362,           0.0010079,             0.97454,             0.72254,             0.83509,             0.49792,            0.041092,            0.013796,           0.0038005,            0.005182,            0.005182,            0.005182
                 148,            0.026116,           0.0068327,          0.00095899,             0.97565,             0.72239,             0.82012,             0.50525,            0.040597,            0.013622,           0.0037155,            0.005149,            0.005149,            0.005149
                 149,            0.027694,           0.0072525,          0.00091018,             0.97744,             0.71791,             0.82719,             0.48099,             0.03941,            0.013561,           0.0036644,            0.005116,            0.005116,            0.005116
                 150,            0.025297,            0.006853,           0.0010424,             0.76267,             0.69912,             0.75349,              0.5022,            0.039755,            0.012875,            0.003717,            0.005083,            0.005083,            0.005083
                 151,            0.024573,           0.0070195,           0.0011014,             0.85533,             0.64781,             0.73821,             0.48222,            0.041325,            0.012442,           0.0048555,             0.00505,             0.00505,             0.00505
                 152,            0.024679,           0.0071608,           0.0012807,             0.97832,             0.72979,             0.83621,             0.50872,            0.040173,             0.01275,           0.0050355,            0.005017,            0.005017,            0.005017
                 153,            0.024177,           0.0070125,           0.0011354,             0.85902,             0.64402,             0.75047,             0.50101,            0.040907,            0.012955,           0.0043958,            0.004984,            0.004984,            0.004984
                 154,            0.023792,           0.0069571,           0.0011712,             0.85003,              0.6394,             0.72781,             0.46496,            0.041634,            0.013386,           0.0035821,            0.004951,            0.004951,            0.004951
                 155,            0.023251,           0.0070941,           0.0012182,             0.76413,             0.64735,             0.69861,             0.47551,            0.040626,            0.014817,           0.0038149,            0.004918,            0.004918,            0.004918
                 156,            0.025017,           0.0068807,           0.0011572,             0.88297,             0.72977,             0.76182,             0.45049,              0.0403,            0.015209,            0.003912,            0.004885,            0.004885,            0.004885
                 157,            0.026177,           0.0074179,           0.0010863,             0.84402,             0.71429,             0.76262,             0.47337,             0.04008,            0.015369,           0.0035329,            0.004852,            0.004852,            0.004852
                 158,            0.023922,           0.0068066,          0.00092322,             0.98231,             0.71827,             0.78948,             0.49626,            0.040812,            0.014557,           0.0030756,            0.004819,            0.004819,            0.004819
                 159,             0.02376,           0.0070772,           0.0010483,               0.983,             0.71025,             0.82076,             0.50038,            0.039448,            0.014045,           0.0028373,            0.004786,            0.004786,            0.004786
                 160,            0.024337,           0.0067488,           0.0010616,             0.90725,             0.73267,             0.81746,             0.50722,            0.039428,            0.013621,           0.0029075,            0.004753,            0.004753,            0.004753
                 161,            0.025458,           0.0067098,           0.0009344,             0.96683,             0.72094,             0.82307,             0.50456,            0.040262,            0.013009,           0.0028868,             0.00472,             0.00472,             0.00472
                 162,            0.023941,           0.0068163,           0.0010416,             0.85043,             0.66913,             0.75922,             0.50867,            0.040602,            0.012964,           0.0029047,            0.004687,            0.004687,            0.004687
                 163,            0.025951,           0.0071973,           0.0010108,             0.84437,             0.68792,               0.748,             0.47643,            0.041077,            0.013569,           0.0036702,            0.004654,            0.004654,            0.004654
                 164,            0.025016,            0.007235,           0.0010428,             0.81673,             0.69257,             0.74693,             0.49025,            0.039765,            0.014125,           0.0044499,            0.004621,            0.004621,            0.004621
                 165,            0.025092,           0.0069157,           0.0010456,             0.85018,             0.64141,             0.72242,             0.52244,            0.038338,            0.014342,             0.00532,            0.004588,            0.004588,            0.004588
                 166,            0.025122,           0.0064416,           0.0013313,             0.84802,             0.64197,             0.72153,             0.50592,            0.038761,            0.014572,           0.0055602,            0.004555,            0.004555,            0.004555
                 167,            0.023185,            0.006336,           0.0010287,             0.95171,             0.74243,             0.83502,             0.50742,            0.037305,            0.014749,           0.0058169,            0.004522,            0.004522,            0.004522
                 168,            0.024417,           0.0068462,          0.00087194,             0.84907,              0.6578,             0.76439,             0.49026,            0.037746,            0.014901,           0.0059323,            0.004489,            0.004489,            0.004489
                 169,            0.024488,           0.0070744,          0.00080938,              0.8524,             0.65472,             0.75453,             0.54276,            0.035492,            0.015307,           0.0069547,            0.004456,            0.004456,            0.004456
                 170,            0.021892,           0.0063774,           0.0008647,             0.96957,             0.74104,             0.82937,             0.52071,            0.036742,            0.014801,           0.0078555,            0.004423,            0.004423,            0.004423
                 171,            0.024189,           0.0074437,          0.00091457,             0.85712,             0.65652,             0.75621,             0.52988,            0.035042,            0.014474,           0.0062299,             0.00439,             0.00439,             0.00439
                 172,            0.023271,           0.0056212,          0.00089507,             0.86001,             0.66073,              0.7648,              0.5032,             0.03546,             0.01418,           0.0048526,            0.004357,            0.004357,            0.004357
                 173,            0.023963,           0.0070285,          0.00088948,             0.86052,             0.66216,             0.75521,             0.51871,             0.03552,            0.014461,           0.0037643,            0.004324,            0.004324,            0.004324
                 174,            0.022383,           0.0062209,          0.00089979,             0.97601,             0.74241,             0.83792,             0.54634,            0.034713,            0.014651,           0.0029773,            0.004291,            0.004291,            0.004291
                 175,            0.021481,           0.0065586,          0.00088895,             0.85706,             0.65484,             0.74363,             0.54729,             0.03599,            0.014806,           0.0027732,            0.004258,            0.004258,            0.004258
                 176,            0.023467,           0.0067611,            0.001099,             0.97219,              0.7364,             0.82758,             0.52057,            0.036278,            0.014917,           0.0027653,            0.004225,            0.004225,            0.004225
                 177,            0.024216,           0.0069175,          0.00095236,             0.96728,              0.7289,             0.81706,             0.52654,            0.036084,             0.01459,           0.0026236,            0.004192,            0.004192,            0.004192
                 178,            0.022975,           0.0064594,            0.000923,             0.96052,             0.73625,             0.82747,             0.50123,            0.036273,            0.014551,           0.0027422,            0.004159,            0.004159,            0.004159
                 179,            0.023399,           0.0068583,           0.0015575,             0.95879,             0.73554,             0.82455,              0.5281,            0.035527,            0.014769,           0.0028392,            0.004126,            0.004126,            0.004126
                 180,            0.023351,           0.0070301,          0.00092529,             0.95651,             0.73245,             0.82453,             0.51815,            0.035943,            0.015009,           0.0028746,            0.004093,            0.004093,            0.004093
                 181,            0.023175,           0.0066202,          0.00094406,             0.95749,              0.7292,             0.83212,             0.55255,            0.033922,            0.014938,           0.0028494,             0.00406,             0.00406,             0.00406
                 182,            0.022682,           0.0063978,          0.00099308,             0.95545,             0.72572,             0.84832,             0.51033,             0.03618,            0.014791,           0.0028133,            0.004027,            0.004027,            0.004027
                 183,            0.022326,           0.0065507,          0.00090653,             0.95635,             0.72358,             0.84267,             0.50834,            0.035446,            0.015281,           0.0029297,            0.003994,            0.003994,            0.003994
                 184,            0.022501,           0.0065397,          0.00093256,             0.95651,             0.72337,             0.82797,             0.51474,            0.035907,            0.015563,           0.0032505,            0.003961,            0.003961,            0.003961
                 185,            0.023969,           0.0067018,          0.00089533,             0.93628,             0.70781,             0.81445,             0.50047,            0.036632,            0.015857,           0.0035744,            0.003928,            0.003928,            0.003928
                 186,            0.022739,           0.0064298,          0.00085873,             0.84952,             0.65313,             0.73599,             0.50878,            0.036241,            0.015746,           0.0037766,            0.003895,            0.003895,            0.003895
                 187,            0.022472,           0.0071241,          0.00090929,             0.85164,             0.65019,             0.73965,             0.50199,            0.036684,             0.01582,           0.0040206,            0.003862,            0.003862,            0.003862
                 188,            0.021315,           0.0066119,          0.00077466,             0.85308,             0.64671,             0.74168,             0.49121,            0.035983,            0.016072,           0.0042269,            0.003829,            0.003829,            0.003829
                 189,             0.02215,           0.0059359,          0.00074473,             0.85402,             0.64303,             0.73665,             0.45566,             0.03626,            0.016325,           0.0043687,            0.003796,            0.003796,            0.003796
                 190,            0.022134,           0.0060541,           0.0007714,             0.96382,              0.7264,             0.82975,             0.52897,            0.034674,            0.016001,           0.0043947,            0.003763,            0.003763,            0.003763
                 191,            0.022164,           0.0066431,          0.00072728,             0.97351,             0.72965,             0.83142,             0.56797,            0.033462,            0.015728,           0.0045713,             0.00373,             0.00373,             0.00373
                 192,             0.02153,           0.0071127,          0.00075571,             0.86158,             0.64557,             0.75591,             0.56579,             0.03355,            0.015687,           0.0044991,            0.003697,            0.003697,            0.003697
                 193,            0.022993,           0.0069317,          0.00071899,             0.85153,             0.63913,             0.74849,             0.54566,            0.033774,            0.015681,            0.004246,            0.003664,            0.003664,            0.003664
                 194,            0.021599,           0.0064121,          0.00076459,             0.86224,             0.64466,             0.75566,             0.52182,            0.035978,            0.015512,           0.0041219,            0.003631,            0.003631,            0.003631
                 195,            0.022804,           0.0060122,          0.00078939,             0.86109,             0.64041,             0.76044,             0.54828,            0.034326,            0.015374,           0.0040062,            0.003598,            0.003598,            0.003598
                 196,            0.022223,           0.0063491,          0.00073604,             0.85903,              0.6398,             0.76129,             0.52514,             0.03388,            0.015279,           0.0040292,            0.003565,            0.003565,            0.003565
                 197,            0.020998,           0.0060818,          0.00073696,             0.84688,             0.63875,             0.74652,             0.53363,            0.033116,             0.01551,           0.0043595,            0.003532,            0.003532,            0.003532
                 198,            0.021859,           0.0065692,           0.0007853,             0.95014,             0.72376,             0.81999,             0.54813,            0.032133,            0.015689,           0.0046395,            0.003499,            0.003499,            0.003499
                 199,            0.022171,           0.0065464,          0.00076691,             0.83756,             0.63992,             0.71589,             0.55206,            0.033174,            0.016038,            0.005367,            0.003466,            0.003466,            0.003466
                 200,            0.021225,           0.0070644,          0.00084141,             0.84195,             0.63746,             0.71561,             0.52466,            0.033451,            0.016137,           0.0055927,            0.003433,            0.003433,            0.003433
                 201,            0.021218,           0.0064396,           0.0007108,             0.85585,             0.63577,             0.72455,             0.50127,            0.034303,            0.016413,            0.005586,              0.0034,              0.0034,              0.0034
                 202,            0.022087,           0.0061222,          0.00077574,             0.85694,             0.63623,             0.73063,             0.51291,            0.033928,            0.016332,           0.0049844,            0.003367,            0.003367,            0.003367
                 203,            0.022071,           0.0066689,          0.00077256,             0.84584,             0.63095,             0.73574,             0.53836,            0.033599,            0.016228,           0.0048004,            0.003334,            0.003334,            0.003334
                 204,             0.02132,           0.0066339,          0.00069932,             0.95909,             0.71169,             0.79877,             0.52647,            0.033582,             0.01667,           0.0050584,            0.003301,            0.003301,            0.003301
                 205,            0.021308,           0.0061723,          0.00070649,             0.95589,             0.71429,             0.79447,              0.5258,            0.033936,            0.017029,           0.0050156,            0.003268,            0.003268,            0.003268
                 206,            0.020195,           0.0066171,          0.00095154,             0.85606,              0.6364,             0.72168,             0.51384,            0.033863,            0.017004,           0.0047322,            0.003235,            0.003235,            0.003235
                 207,            0.021871,           0.0073036,          0.00084263,              0.9665,             0.71912,             0.80776,             0.51777,            0.034021,            0.016521,           0.0045388,            0.003202,            0.003202,            0.003202
                 208,            0.020522,           0.0057716,          0.00079264,             0.85001,             0.63833,             0.73856,             0.52702,             0.03392,            0.016072,           0.0042176,            0.003169,            0.003169,            0.003169
                 209,            0.020711,            0.006256,          0.00078557,             0.84859,             0.63872,             0.74503,             0.50223,             0.03502,            0.015703,           0.0039793,            0.003136,            0.003136,            0.003136
                 210,            0.020951,           0.0061958,          0.00073311,             0.84509,              0.6399,             0.74382,             0.51548,            0.034533,            0.015377,           0.0037431,            0.003103,            0.003103,            0.003103
                 211,            0.019844,             0.00649,          0.00073151,             0.95378,             0.72166,             0.81405,             0.50676,            0.035847,            0.015776,           0.0038244,             0.00307,             0.00307,             0.00307
                 212,            0.020021,            0.006574,           0.0010472,             0.95329,             0.72082,             0.81278,             0.51293,            0.034545,            0.016043,           0.0040346,            0.003037,            0.003037,            0.003037
                 213,            0.020647,           0.0059958,          0.00067282,             0.95509,             0.72117,             0.80629,             0.52657,            0.035548,            0.015994,           0.0042964,            0.003004,            0.003004,            0.003004
                 214,            0.020088,           0.0065714,          0.00071621,             0.95472,             0.72009,              0.8079,             0.51443,              0.0346,            0.016138,           0.0045097,            0.002971,            0.002971,            0.002971
                 215,             0.01926,           0.0061979,          0.00074128,              0.8369,             0.63948,             0.71855,             0.49264,            0.035497,             0.01598,           0.0044782,            0.002938,            0.002938,            0.002938
                 216,            0.020536,           0.0068186,           0.0006186,             0.94178,             0.71957,             0.80297,             0.49932,            0.035229,            0.016408,           0.0044143,            0.002905,            0.002905,            0.002905
                 217,            0.020158,           0.0067319,          0.00068539,             0.93907,             0.71869,             0.81195,             0.51313,            0.035726,            0.016241,           0.0042004,            0.002872,            0.002872,            0.002872
                 218,            0.019704,           0.0066783,          0.00074933,             0.96193,             0.72312,             0.79948,              0.4981,            0.035696,            0.016505,           0.0044241,            0.002839,            0.002839,            0.002839
                 219,            0.019171,           0.0063158,          0.00062827,             0.94522,             0.70815,             0.79076,             0.52497,            0.035409,            0.016513,           0.0045148,            0.002806,            0.002806,            0.002806
                 220,            0.019187,            0.005452,          0.00062347,             0.94381,              0.7073,             0.78583,             0.50963,            0.034929,            0.016573,           0.0044455,            0.002773,            0.002773,            0.002773
                 221,               0.021,           0.0062058,          0.00059375,             0.94513,             0.70822,               0.778,             0.50288,            0.035848,            0.016574,           0.0044346,             0.00274,             0.00274,             0.00274
                 222,            0.020084,           0.0056689,          0.00058211,             0.94372,             0.70878,             0.77262,             0.50627,            0.035962,            0.016372,           0.0044567,            0.002707,            0.002707,            0.002707
                 223,             0.01935,           0.0061602,          0.00062458,             0.93835,             0.70827,             0.77825,             0.51523,            0.035389,            0.016454,           0.0041727,            0.002674,            0.002674,            0.002674
                 224,            0.018993,           0.0061267,          0.00059338,               0.941,             0.70851,              0.7941,             0.52339,            0.035639,            0.016202,           0.0040698,            0.002641,            0.002641,            0.002641
                 225,            0.019215,           0.0062926,          0.00057172,             0.94077,             0.70884,             0.79972,             0.51143,            0.035368,            0.016204,           0.0041857,            0.002608,            0.002608,            0.002608
                 226,            0.019567,           0.0064256,          0.00055399,             0.93784,             0.70843,             0.80009,             0.49218,             0.03669,            0.016047,           0.0044043,            0.002575,            0.002575,            0.002575
                 227,            0.019315,           0.0061259,          0.00059235,             0.94016,             0.72392,             0.81119,             0.53978,            0.035404,             0.01582,           0.0045758,            0.002542,            0.002542,            0.002542
                 228,            0.020109,           0.0062838,           0.0005588,             0.83163,             0.64086,             0.72757,             0.52407,            0.035894,             0.01585,           0.0045909,            0.002509,            0.002509,            0.002509
                 229,            0.020312,           0.0056898,          0.00065211,             0.94449,             0.72079,             0.80826,             0.51137,             0.03669,            0.016029,           0.0043819,            0.002476,            0.002476,            0.002476
                 230,            0.020009,           0.0068845,          0.00067425,             0.94751,             0.72105,             0.80343,             0.52287,            0.036298,            0.016092,           0.0043108,            0.002443,            0.002443,            0.002443
                 231,            0.020408,           0.0062894,          0.00076203,             0.95248,             0.71819,             0.80289,              0.5353,            0.036492,            0.016104,           0.0042089,             0.00241,             0.00241,             0.00241
                 232,            0.018548,           0.0059599,          0.00058977,             0.95293,             0.71429,              0.7937,             0.50322,            0.037207,            0.016338,           0.0042008,            0.002377,            0.002377,            0.002377
                 233,            0.019027,           0.0056443,          0.00054583,             0.93997,             0.71065,             0.78008,             0.51968,            0.035985,            0.016299,           0.0041699,            0.002344,            0.002344,            0.002344
                 234,            0.018042,           0.0052918,          0.00055144,              0.9361,             0.71166,              0.7844,             0.51075,             0.03621,            0.016328,           0.0044112,            0.002311,            0.002311,            0.002311
                 235,            0.017799,           0.0060705,          0.00054469,             0.82899,             0.63095,             0.71559,             0.51667,            0.036018,            0.016085,           0.0047427,            0.002278,            0.002278,            0.002278
                 236,            0.018524,           0.0059817,          0.00055587,             0.94964,             0.71638,             0.80454,             0.52216,            0.036323,            0.016048,           0.0047937,            0.002245,            0.002245,            0.002245
                 237,            0.019015,           0.0058502,          0.00062971,              0.9663,             0.72084,             0.80373,             0.52506,            0.035827,            0.016195,           0.0045414,            0.002212,            0.002212,            0.002212
                 238,            0.017838,            0.005811,          0.00056122,             0.96709,             0.72319,             0.80764,             0.55867,            0.035237,            0.016197,            0.004506,            0.002179,            0.002179,            0.002179
                 239,            0.018431,           0.0059479,          0.00055056,             0.97201,             0.72483,             0.80999,             0.55241,            0.034502,            0.015843,           0.0042319,            0.002146,            0.002146,            0.002146
                 240,            0.018094,           0.0062378,          0.00057302,             0.96867,             0.72917,               0.811,             0.52576,            0.035199,            0.015775,           0.0041251,            0.002113,            0.002113,            0.002113
                 241,            0.018532,           0.0060996,           0.0005086,             0.96515,             0.73242,             0.81356,             0.52176,            0.035557,            0.015647,           0.0041526,             0.00208,             0.00208,             0.00208
                 242,            0.017306,           0.0057148,          0.00054315,             0.96398,             0.72249,             0.80721,             0.53895,             0.03554,            0.015766,           0.0041716,            0.002047,            0.002047,            0.002047
                 243,            0.018839,           0.0059433,          0.00082735,             0.96223,              0.7228,               0.801,             0.50817,            0.036101,            0.016369,           0.0042161,            0.002014,            0.002014,            0.002014
                 244,            0.017374,           0.0055939,          0.00053129,             0.96328,             0.72281,             0.80298,             0.50739,            0.037483,            0.016378,           0.0041954,            0.001981,            0.001981,            0.001981
                 245,             0.01885,            0.005846,          0.00047602,             0.96042,             0.72276,             0.79909,             0.52957,            0.037306,            0.016654,           0.0041477,            0.001948,            0.001948,            0.001948
                 246,            0.017958,           0.0058179,          0.00051447,             0.96252,             0.72592,             0.79776,             0.52162,            0.037896,            0.017027,           0.0043641,            0.001915,            0.001915,            0.001915
                 247,            0.018374,            0.005996,          0.00047065,              0.9629,             0.72792,             0.79486,             0.50277,            0.038016,            0.017295,           0.0044346,            0.001882,            0.001882,            0.001882
                 248,            0.019405,           0.0068933,          0.00050789,             0.96152,             0.72897,             0.80012,             0.50568,            0.036871,            0.017436,           0.0043413,            0.001849,            0.001849,            0.001849
                 249,            0.018234,           0.0053322,          0.00047989,             0.96058,              0.7294,             0.79319,             0.49179,            0.037762,            0.017527,           0.0041062,            0.001816,            0.001816,            0.001816
                 250,            0.017856,            0.005641,          0.00048263,             0.94294,             0.72348,             0.78852,             0.49919,            0.036956,            0.017429,           0.0040369,            0.001783,            0.001783,            0.001783
                 251,            0.018497,           0.0057041,            0.000492,             0.93681,             0.70914,             0.77834,             0.48958,            0.038433,            0.017464,           0.0039552,             0.00175,             0.00175,             0.00175
                 252,            0.017618,           0.0053818,          0.00048489,             0.93457,             0.70897,             0.77762,             0.48088,            0.038085,             0.01746,           0.0038876,            0.001717,            0.001717,            0.001717
                 253,            0.017506,           0.0058849,          0.00051343,             0.93698,             0.70926,             0.77789,             0.48403,            0.038106,            0.017444,           0.0037236,            0.001684,            0.001684,            0.001684
                 254,            0.017303,           0.0060233,          0.00045729,              0.9343,             0.70834,             0.78118,             0.50136,            0.037931,            0.017543,             0.00374,            0.001651,            0.001651,            0.001651
                 255,            0.017815,           0.0058099,          0.00051228,             0.93573,             0.70834,             0.78778,             0.50096,            0.037378,             0.01753,           0.0038338,            0.001618,            0.001618,            0.001618
                 256,            0.017257,           0.0059225,          0.00046599,             0.93639,             0.71746,             0.79487,             0.50497,            0.037025,            0.017471,           0.0038572,            0.001585,            0.001585,            0.001585
                 257,            0.017403,           0.0057763,           0.0004396,             0.93473,             0.71653,             0.79776,             0.50229,            0.036643,            0.017289,           0.0037999,            0.001552,            0.001552,            0.001552
                 258,            0.018445,           0.0063353,          0.00058708,             0.83029,             0.63522,              0.7163,             0.49545,            0.036075,            0.017185,            0.003854,            0.001519,            0.001519,            0.001519
                 259,            0.017283,           0.0055121,          0.00050798,             0.94528,             0.71742,             0.80448,             0.52177,            0.034958,             0.01696,           0.0037227,            0.001486,            0.001486,            0.001486
                 260,            0.016848,           0.0057562,           0.0004833,             0.94771,             0.71711,             0.80432,             0.52487,            0.035181,             0.01683,           0.0035654,            0.001453,            0.001453,            0.001453
                 261,            0.017615,           0.0059208,          0.00044687,              0.9503,              0.7173,             0.79898,             0.51381,            0.035435,            0.017043,           0.0035131,             0.00142,             0.00142,             0.00142
                 262,            0.016092,           0.0060307,          0.00051923,             0.95043,             0.71751,             0.79809,             0.49622,             0.03567,            0.017218,           0.0035858,            0.001387,            0.001387,            0.001387
                 263,            0.016397,           0.0054215,          0.00039698,             0.95072,             0.71739,              0.8004,             0.51423,            0.035616,            0.017253,           0.0034261,            0.001354,            0.001354,            0.001354
                 264,            0.017117,           0.0055651,           0.0007008,             0.94778,             0.71843,             0.79722,             0.50517,            0.035898,            0.017223,           0.0034283,            0.001321,            0.001321,            0.001321
                 265,            0.016537,           0.0062115,          0.00044984,             0.94576,             0.71679,             0.79041,             0.51254,             0.03505,            0.017427,           0.0033921,            0.001288,            0.001288,            0.001288
                 266,            0.016438,           0.0057471,          0.00036352,             0.94374,             0.71709,             0.78959,             0.52205,            0.034757,            0.017609,            0.003565,            0.001255,            0.001255,            0.001255
                 267,            0.017099,           0.0053195,          0.00040807,             0.94394,             0.71778,             0.78855,             0.49108,            0.036127,            0.017636,           0.0036706,            0.001222,            0.001222,            0.001222
                 268,            0.016948,           0.0053975,          0.00042737,             0.93232,              0.7185,             0.79015,             0.51802,            0.035329,            0.017584,           0.0037624,            0.001189,            0.001189,            0.001189
                 269,            0.016042,           0.0058212,           0.0004114,             0.92875,             0.70894,             0.77928,              0.5194,            0.035147,            0.017883,           0.0038323,            0.001156,            0.001156,            0.001156
                 270,             0.01768,           0.0056472,          0.00041115,              0.9326,             0.71386,             0.77052,             0.50871,            0.035597,            0.018221,           0.0039998,            0.001123,            0.001123,            0.001123
                 271,            0.016114,           0.0053844,          0.00037945,             0.92657,             0.71106,             0.76628,              0.5091,            0.036097,            0.018436,           0.0041468,             0.00109,             0.00109,             0.00109
                 272,              0.0172,           0.0059985,          0.00041202,             0.93021,             0.71429,             0.77192,             0.50672,            0.036061,            0.018381,           0.0040759,            0.001057,            0.001057,            0.001057
                 273,            0.017364,           0.0056046,          0.00038031,             0.82725,             0.62613,             0.70242,             0.50109,            0.036221,            0.018124,           0.0039557,            0.001024,            0.001024,            0.001024
                 274,            0.016245,            0.006157,          0.00034476,             0.92923,             0.72119,             0.79008,             0.51126,            0.036142,             0.01805,           0.0040646,            0.000991,            0.000991,            0.000991
                 275,             0.01577,           0.0053881,          0.00037459,             0.93287,              0.7229,             0.79009,             0.51461,            0.035769,            0.017932,           0.0039942,            0.000958,            0.000958,            0.000958
                 276,             0.01568,           0.0053768,          0.00043472,             0.93232,             0.72468,             0.79117,             0.51478,            0.035508,            0.017857,           0.0040803,            0.000925,            0.000925,            0.000925
                 277,            0.015843,            0.005341,          0.00031426,             0.93556,             0.72447,             0.79242,             0.51364,            0.035232,            0.017862,           0.0042482,            0.000892,            0.000892,            0.000892
                 278,            0.015628,           0.0054706,          0.00034166,             0.93962,             0.72311,             0.78905,             0.52921,            0.034969,             0.01779,            0.004527,            0.000859,            0.000859,            0.000859
                 279,            0.016154,           0.0055293,          0.00036054,             0.94303,              0.7215,             0.78895,             0.51697,            0.035613,            0.017783,           0.0048003,            0.000826,            0.000826,            0.000826
                 280,             0.01638,           0.0051496,          0.00034633,             0.94405,             0.72073,             0.78881,             0.51736,            0.035794,            0.017699,            0.004717,            0.000793,            0.000793,            0.000793
                 281,            0.016421,           0.0061784,          0.00032853,             0.94641,             0.71916,             0.78858,             0.52241,            0.035801,            0.017747,           0.0046673,             0.00076,             0.00076,             0.00076
                 282,            0.015851,           0.0057805,          0.00036721,              0.9499,             0.71715,             0.78808,             0.52176,             0.03518,            0.017853,           0.0045267,            0.000727,            0.000727,            0.000727
                 283,            0.015485,           0.0058933,          0.00036917,             0.94547,             0.71429,             0.78425,             0.52262,            0.035021,             0.01786,            0.004425,            0.000694,            0.000694,            0.000694
                 284,            0.016516,           0.0060437,          0.00041979,             0.94178,             0.71429,             0.78185,             0.51216,            0.035036,            0.017899,           0.0043346,            0.000661,            0.000661,            0.000661
                 285,            0.015837,            0.005738,          0.00070393,             0.94381,             0.71429,             0.78285,             0.51052,             0.03537,            0.017671,           0.0042692,            0.000628,            0.000628,            0.000628
                 286,            0.015496,           0.0053173,          0.00031745,             0.94655,             0.71429,             0.78619,             0.51296,            0.035371,            0.017518,            0.004304,            0.000595,            0.000595,            0.000595
                 287,            0.015435,           0.0057196,           0.0003601,             0.94805,             0.71429,             0.78397,             0.51572,            0.034845,            0.017387,            0.004076,            0.000562,            0.000562,            0.000562
                 288,            0.016424,           0.0052196,          0.00035196,             0.95099,             0.71429,             0.78469,             0.51765,            0.034756,            0.017378,           0.0040109,            0.000529,            0.000529,            0.000529
                 289,            0.015241,           0.0056823,          0.00035273,             0.95281,             0.71048,             0.78999,             0.52966,            0.034496,            0.017254,           0.0039121,            0.000496,            0.000496,            0.000496
                 290,            0.015904,           0.0054782,          0.00032571,             0.95401,             0.71067,             0.78802,             0.53891,            0.034668,            0.017139,           0.0038751,            0.000463,            0.000463,            0.000463
                 291,            0.015893,           0.0062338,          0.00032002,             0.95487,             0.71087,             0.78578,             0.52309,             0.03501,            0.017175,           0.0039128,             0.00043,             0.00043,             0.00043
